{"cameraMode":{"drawMode":0,"name":"Shaded","section":"Shading Mode"},"sceneLighting":false,"audioPlay":false,"sceneViewState":{"showFog":true,"showMaterialUpdate":false,"showSkybox":false,"showFlares":true,"showImageEffects":true,"showParticleSystems":true},"in2DMode":false,"pivot":{"x":-11014.95703125,"y":-5706.2890625,"z":2412.750732421875},"rotation":{"x":-0.39739468693733218,"y":0.5708034634590149,"z":-0.3673292100429535,"w":-0.6175326108932495},"size":2199.378662109375,"orthographic":false}