{"cameraMode":{"drawMode":0,"name":"Shaded","section":"Shading Mode"},"sceneLighting":false,"audioPlay":false,"sceneViewState":{"showFog":true,"showMaterialUpdate":false,"showSkybox":false,"showFlares":true,"showImageEffects":true,"showParticleSystems":true},"in2DMode":false,"pivot":{"x":-0.29930877685546877,"y":-7.582560062408447,"z":-11.430381774902344},"rotation":{"x":-0.1349485069513321,"y":0.8646013140678406,"z":-0.35722970962524416,"w":-0.32662346959114077},"size":6.325582027435303,"orthographic":false}